[
    { "_id": "RS101",
      "name": "Rocket Propulsion", "number": "RS4550", "startDate": "2023-01-10",
      "endDate": "2023-05-15", "img" : "../images/color1.jpg"
    },
    { "_id": "RS102",
      "name": "Aerodynamics", "number": "RS4560", "startDate": "2023-01-10", "endDate": "2023-05-15", "img":"../images/color2.jpg"
    },
    { "_id": "RS103",
      "name": "Spacecraft Design", "number": "RS4570", "startDate": "2023-01-10", "endDate": "2023-05-15", "img":"../images/color3.jpg"
    }
  ]
  